Month,East_North_Central_NSA,East_North_Central_SA,East_South_Central_NSA,East_South_Central_SA,Middle_Atlantic_NSA,Middle_Atlantic_SA,Mountain_NSA,Mountain_SA,New_England_NSA,New_England_SA,Pacific_NSA,Pacific_SA,South_Atlantic_NSA,South_Atlantic_SA,West_North_Central_NSA,West_North_Central_SA,West_South_Central_NSA,West_South_Central_SA,USA_NSA,USA_SA
1991-01-01 00:00:00,100,100,100,100,100,100,100,100,100,100,100,100,100,100,100,100,100,100,100,100
1991-02-01 00:00:00,100.89,100.94,101,100.64,100.15,100.3,98.37,98.73,101.81,102.44,100.13,100.57,100.59,100.47,100.49,100.46,99.84,99.6,100.39,100.45
1991-03-01 00:00:00,101.29,100.9,100.87,100.44,100.1,99.81,100.21,100.61,101.52,101.37,99.97,100.14,101.01,100.62,100.42,100.12,100.64,100.5,100.68,100.48
1991-04-01 00:00:00,101.68,100.96,100.85,100.48,99.59,99.28,100.31,100.38,101.03,101.06,100.14,100.12,100.9,100.4,100.84,100.36,100.38,100.1,100.69,100.33
1991-05-01 00:00:00,102.3,101.31,101.15,100.77,99.73,99.24,100.7,100.49,99.84,99.86,100.34,100.1,100.77,100.47,100.81,100.3,100.79,100.29,100.85,100.39
1991-06-01 00:00:00,102.78,101.45,102.01,101.46,99.85,98.95,102.09,101.57,99.19,98.59,100.45,99.93,101.3,100.52,101.42,100.52,101.94,100.96,101.35,100.51
1991-07-01 00:00:00,102.95,101.86,101.84,101.34,100.34,99.23,101.48,101.34,99.1,98.7,100.42,99.86,101,100.41,101.29,100.34,101.81,100.89,101.31,100.54
1991-08-01 00:00:00,103.11,102.01,101.71,100.83,99.82,98.79,101.78,101.23,98.4,97.83,100.77,100.01,100.86,100.01,101.79,100.73,101.56,100.58,101.28,100.38
1991-09-01 00:00:00,102.84,101.98,101.98,101.18,100.39,99.45,101.96,101.79,99.92,99.05,100.25,99.48,100.68,100.04,101.62,100.84,102.13,101.45,101.36,100.61
1991-10-01 00:00:00,103.06,102.28,101.93,101.59,100.22,99.14,102.99,102.5,99.2,98.66,100.8,100.3,101.61,100.88,101.89,101.48,101.41,100.72,101.58,100.91
1991-11-01 00:00:00,103.97,103.33,102.76,102.18,101.12,100.15,103.96,103.71,98.16,97.12,100.85,100.62,102.01,101.16,101.81,101.44,101.85,101.24,102.03,101.41
1991-12-01 00:00:00,103.71,103.36,103.4,103.25,100.83,100.5,103.77,103.67,99.02,98.67,101.01,100.73,101.96,101.59,102.84,102.5,102.22,102,102.18,101.88
1992-01-01 00:00:00,103.84,103.87,103.31,103.32,100.85,100.87,104.35,104.42,99.8,99.82,100.97,100.97,101.84,101.83,102.37,102.38,102.39,102.39,102.23,102.24
1992-02-01 00:00:00,104.35,104.39,104.45,104.1,101.85,102.05,105.14,105.55,99.75,100.42,101.02,101.48,102.71,102.59,102.87,102.86,103.5,103.27,102.89,102.97
1992-03-01 00:00:00,105.5,105.11,104.25,103.8,101.52,101.26,105.54,105.97,99.65,99.53,100.66,100.83,102.61,102.24,103.94,103.6,102.86,102.73,103.01,102.81
1992-04-01 00:00:00,105.91,105.16,103.75,103.38,101.28,100.97,105.84,105.87,98.44,98.48,100.43,100.4,102.33,101.83,104.1,103.59,103.06,102.76,102.93,102.56
1992-05-01 00:00:00,106.51,105.49,104.45,104.05,100.98,100.45,106.59,106.33,97.5,97.49,100.49,100.22,102.28,101.98,104.37,103.8,103.17,102.61,103.07,102.58
1992-06-01 00:00:00,106.91,105.51,104.72,104.11,101.35,100.38,107.5,106.93,96.96,96.29,100.31,99.76,102.45,101.66,105.17,104.21,104.01,103.03,103.4,102.51
1992-07-01 00:00:00,107.1,105.95,105.22,104.65,101.57,100.39,107.44,107.23,97.14,96.65,100.62,100.01,102.8,102.16,105.67,104.64,104.29,103.36,103.69,102.87
1992-08-01 00:00:00,107.55,106.39,106.29,105.36,101.54,100.41,108.57,107.94,98.19,97.58,100.93,100.16,103.83,102.95,105.97,104.84,104.85,103.82,104.28,103.32
1992-09-01 00:00:00,107.56,106.64,106.64,105.82,102.27,101.31,108.69,108.46,98.3,97.45,100.97,100.2,104.12,103.44,106.28,105.42,104.9,104.2,104.49,103.71
1992-10-01 00:00:00,108.16,107.33,106.91,106.51,102.58,101.49,110.04,109.51,98.48,97.94,100.07,99.58,104.35,103.62,106.12,105.66,105.6,104.9,104.72,104.03
1992-11-01 00:00:00,108.37,107.73,106.87,106.27,103.13,102.2,110.38,110.13,99.39,98.39,99.81,99.6,104.24,103.39,106.45,106.02,106,105.35,104.9,104.28
1992-12-01 00:00:00,108.72,108.37,106.89,106.72,101.69,101.38,111.19,111.08,97.7,97.42,99.48,99.24,103.48,103.12,106.6,106.23,105.28,105.09,104.49,104.21
1993-01-01 00:00:00,108.42,108.49,106.94,106.96,100.94,101,111.66,111.82,96.53,96.53,98.65,98.67,103.28,103.22,107.25,107.32,105.37,105.38,104.22,104.25
1993-02-01 00:00:00,108.3,108.32,106.95,106.64,100.47,100.78,111.81,112.28,94.52,95.21,97.66,98.14,103.31,103.17,107.57,107.61,105.63,105.44,103.96,104.07
1993-03-01 00:00:00,109.25,108.89,108.38,107.91,100.84,100.63,112.08,112.52,95.66,95.6,98.1,98.26,104.02,103.66,107.21,106.85,106.13,105.98,104.57,104.38
1993-04-01 00:00:00,110.19,109.4,108.74,108.3,101.79,101.49,113.96,113.91,96.39,96.45,98.35,98.31,104.78,104.26,108.72,108.17,106.88,106.56,105.4,105.02
1993-05-01 00:00:00,110.8,109.74,109.16,108.71,102.41,101.81,114.99,114.66,96.38,96.23,98.2,97.91,104.7,104.38,109.49,108.84,107.72,107.07,105.79,105.25
1993-06-01 00:00:00,111.91,110.43,109.54,108.81,102.64,101.58,116.23,115.61,97.55,96.65,98.48,97.89,105.64,104.81,110.46,109.43,108.63,107.62,106.57,105.61
1993-07-01 00:00:00,112.12,110.89,109.94,109.28,102.44,101.16,116.95,116.59,97.24,96.55,97.54,96.86,105.6,104.89,111.03,109.89,109.11,108.15,106.58,105.67
1993-08-01 00:00:00,112.59,111.35,110.89,109.89,102.65,101.37,118.48,117.74,96.95,96.2,98.02,97.24,106.04,105.11,111.82,110.62,109.55,108.44,107.09,106.05
1993-09-01 00:00:00,113.08,112.1,111.83,110.98,102.39,101.43,119.54,119.17,96.85,95.99,97.7,96.98,106.18,105.45,112.35,111.4,109.47,108.75,107.27,106.45
1993-10-01 00:00:00,113.21,112.31,111.31,110.85,102.65,101.62,120.33,119.76,95.67,95.13,97.7,97.27,106.13,105.42,112.52,112,110.14,109.41,107.34,106.65
1993-11-01 00:00:00,113.51,112.85,112.18,111.59,102.57,101.76,121.13,120.91,97.15,96.27,97.01,96.86,106.46,105.64,112.94,112.48,110.48,109.77,107.6,106.99
1993-12-01 00:00:00,113.76,113.42,112.22,112.02,102.03,101.77,121.79,121.72,97.05,96.85,97.02,96.85,106.89,106.54,113.6,113.24,110.84,110.64,107.78,107.52
1994-01-01 00:00:00,113.96,114.1,112.75,112.79,102.36,102.48,122.25,122.55,96.01,96.02,96.73,96.82,106.55,106.43,113.59,113.78,110.46,110.47,107.71,107.77
1994-02-01 00:00:00,114.35,114.36,114.01,113.74,101.25,101.69,123.41,123.99,96.02,96.85,96.11,96.63,106.92,106.76,113.64,113.76,111.26,111.13,107.85,108.01
1994-03-01 00:00:00,115.07,114.73,114.11,113.64,101.7,101.53,124.44,124.89,97.67,97.79,96.41,96.53,107.42,107.04,115.13,114.75,112.21,112.06,108.55,108.36
1994-04-01 00:00:00,116.28,115.45,115.13,114.62,101.88,101.58,125.95,125.77,96.59,96.69,96.92,96.86,108.18,107.63,115.65,115.05,112.04,111.69,109.1,108.68
1994-05-01 00:00:00,117.11,115.96,115.57,115.03,102.6,101.89,127.71,127.26,97.21,96.96,96.81,96.43,108.17,107.81,116.14,115.38,113.45,112.67,109.67,109.04
1994-06-01 00:00:00,117.82,116.25,116.21,115.35,103.01,101.81,128.76,128.09,98.69,97.57,97.18,96.52,108.9,107.99,116.89,115.77,113.47,112.42,110.28,109.22
1994-07-01 00:00:00,117.86,116.52,116.46,115.71,103.35,101.92,129.09,128.54,98.03,97.16,97.06,96.26,109.08,108.3,117.52,116.25,113.37,112.35,110.38,109.35
1994-08-01 00:00:00,118.3,116.98,117.25,116.2,103.31,101.84,130.15,129.31,97.42,96.57,96.92,96.1,109.75,108.75,117.97,116.69,114.08,112.91,110.73,109.61
1994-09-01 00:00:00,118.34,117.26,116.92,116.09,102.23,101.3,130.47,129.93,97.55,96.72,96.96,96.29,109.72,108.92,117.66,116.63,113.71,112.97,110.54,109.69
1994-10-01 00:00:00,118.95,117.99,117.49,117.02,102.55,101.58,131.15,130.57,96.98,96.47,96.43,96.06,109.68,109,117.52,116.91,114.01,113.29,110.66,109.96
1994-11-01 00:00:00,119.07,118.42,118.26,117.68,101.65,100.99,131.26,131.12,97.06,96.4,95.85,95.74,110.38,109.61,118.3,117.78,114.24,113.51,110.75,110.18
1994-12-01 00:00:00,118.81,118.48,117.78,117.56,100.33,100.12,131.83,131.85,96.86,96.81,95.99,95.93,110.09,109.76,117.75,117.42,113.87,113.66,110.41,110.18
1995-01-01 00:00:00,119.01,119.25,117.66,117.69,100.32,100.48,131.36,131.84,96.15,96.18,95.93,96.1,110.29,110.09,117.78,118.09,113.83,113.87,110.39,110.49
1995-02-01 00:00:00,119.87,119.87,119.18,118.98,100.35,100.9,132.51,133.2,96.02,96.9,96.03,96.58,110.83,110.64,118.64,118.86,114.2,114.1,110.91,111.11
1995-03-01 00:00:00,120.39,120.04,119.65,119.17,101.08,100.94,132.74,133.13,96.64,96.91,95.62,95.69,110.64,110.21,119.42,119,114.14,113.96,111.12,110.93
1995-04-01 00:00:00,121.65,120.78,119.32,118.72,101.56,101.27,134.21,133.86,96.91,97.03,95.36,95.23,110.96,110.39,120.14,119.5,115.22,114.82,111.66,111.2
1995-05-01 00:00:00,121.97,120.72,119.92,119.29,101.83,101.02,134.66,134.1,97.77,97.41,96.08,95.6,110.92,110.5,120.82,119.91,115.79,114.9,112.09,111.35
1995-06-01 00:00:00,123.19,121.53,121.69,120.68,102.56,101.24,136.13,135.41,98.65,97.3,96.08,95.35,111.8,110.82,121.83,120.61,115.93,114.82,112.88,111.73
1995-07-01 00:00:00,123.63,122.16,122.09,121.26,102.71,101.16,136.59,135.85,98.93,97.9,96.49,95.6,112.49,111.67,122.43,121.03,116.81,115.71,113.38,112.25
1995-08-01 00:00:00,124.23,122.84,122.08,121,103.53,101.91,137.32,136.43,98.88,97.9,96.53,95.69,112.73,111.7,123,121.65,116.98,115.75,113.73,112.54
1995-09-01 00:00:00,124.48,123.33,122.42,121.61,102.26,101.35,137.86,137.19,98.29,97.44,96.03,95.44,112.95,112.1,123.39,122.28,117.31,116.54,113.65,112.78
1995-10-01 00:00:00,124.69,123.67,123.19,122.72,101.79,100.9,137.57,137.01,98.39,97.85,95.7,95.4,112.62,111.98,123.55,122.86,116.79,116.1,113.5,112.82
1995-11-01 00:00:00,124.64,123.97,123.42,122.86,101.54,101.03,137.51,137.48,98.13,97.65,95.54,95.47,113.09,112.41,123.41,122.82,117.42,116.67,113.58,113.06
1995-12-01 00:00:00,125.05,124.76,123.55,123.31,101.63,101.44,138.33,138.49,97.89,97.94,95.41,95.46,112.83,112.52,123.97,123.72,117.77,117.56,113.71,113.53
1996-01-01 00:00:00,124.81,125.14,123.76,123.76,101.38,101.58,138.1,138.75,99.92,100.06,95.52,95.77,113.56,113.33,123.39,123.81,117.26,117.31,113.81,113.96
1996-02-01 00:00:00,125.86,125.84,123.64,123.47,101.27,101.89,138.55,139.33,98.66,99.62,95.15,95.71,113.36,113.13,123.97,124.25,117.77,117.69,113.91,114.13
1996-03-01 00:00:00,126.66,126.29,124.46,123.98,102.37,102.26,139.93,140.2,98.8,99.24,95.69,95.69,114.45,113.96,125.33,124.87,118.24,118.04,114.77,114.54
1996-04-01 00:00:00,128.22,127.34,125.38,124.72,102.18,101.91,141.21,140.73,99.22,99.28,95.75,95.55,114.61,114.02,126.32,125.65,118.57,118.09,115.3,114.8
1996-05-01 00:00:00,128.92,127.54,126.27,125.53,103.13,102.25,141.44,140.78,100.41,99.95,96.15,95.53,114.73,114.21,126.97,125.89,119.38,118.41,115.9,115.06
1996-06-01 00:00:00,129.42,127.7,126.62,125.48,103.5,102.04,142.02,141.27,101.51,99.99,96.46,95.64,115.29,114.2,127.35,126.02,120.06,118.89,116.41,115.16
1996-07-01 00:00:00,130.02,128.41,127.61,126.72,103.66,102,142.9,142.03,101.15,99.94,96.82,95.88,115.63,114.76,128.13,126.59,119.93,118.75,116.79,115.55
1996-08-01 00:00:00,129.79,128.31,127.65,126.6,103.79,102.08,142.66,141.77,101.35,100.23,96.47,95.62,116.04,114.99,128.15,126.7,120.1,118.84,116.8,115.56
1996-09-01 00:00:00,130.02,128.8,127.73,126.96,102.84,101.93,143.08,142.33,101.57,100.64,96.27,95.76,116.15,115.28,128.37,127.21,120.07,119.26,116.75,115.86
1996-10-01 00:00:00,129.84,128.77,128.14,127.73,102.59,101.76,143.16,142.63,100.87,100.26,96.25,96.02,116.12,115.49,128.3,127.54,119.77,119.12,116.63,115.97
1996-11-01 00:00:00,130.63,129.97,128.03,127.46,102.73,102.3,142.93,142.97,100.42,100.05,96.38,96.34,115.82,115.25,128.41,127.78,120.09,119.39,116.75,116.28
1996-12-01 00:00:00,130.43,130.19,128.36,128.12,102.1,101.93,142.63,142.9,100.92,101.03,96.37,96.53,116.08,115.81,128.96,128.81,120.21,120,116.77,116.64
1997-01-01 00:00:00,129.9,130.29,128.35,128.27,102.17,102.32,143.09,143.85,101.15,101.35,95.91,96.22,116.38,116.13,128.27,128.76,119.86,119.95,116.61,116.78
1997-02-01 00:00:00,130.53,130.5,129.74,129.57,101.95,102.62,143.46,144.26,99.88,100.82,95.72,96.24,116.66,116.43,128.89,129.21,120.57,120.49,116.87,117.09
1997-03-01 00:00:00,131.71,131.28,129.72,129.27,102.47,102.38,144.66,144.75,100.87,101.39,96.93,96.85,117.67,117.17,130.27,129.79,121.12,120.89,117.8,117.55
1997-04-01 00:00:00,132.09,131.21,130.41,129.71,103.04,102.8,145.65,145.07,102.45,102.44,97.86,97.59,117.57,116.98,130.24,129.57,121.36,120.79,118.29,117.76
1997-05-01 00:00:00,133.5,132.01,130.26,129.44,104.37,103.49,146.05,145.34,102.84,102.32,98.54,97.79,117.84,117.22,131.84,130.62,122.41,121.4,119.13,118.2
1997-06-01 00:00:00,133.96,132.2,131.21,129.98,104.4,102.83,146.33,145.5,104.21,102.58,98.8,97.91,118.73,117.58,131.65,130.2,122.61,121.42,119.58,118.25
1997-07-01 00:00:00,134.32,132.58,131.48,130.54,104.73,103,146.81,145.88,104.09,102.75,99.55,98.6,118.14,117.25,132.84,131.18,122.89,121.61,119.85,118.55
1997-08-01 00:00:00,134.49,132.94,131.85,130.86,105.05,103.32,147.27,146.38,104.67,103.42,99.98,99.15,119.11,118.08,132.82,131.29,122.92,121.63,120.26,118.99
1997-09-01 00:00:00,134.41,133.13,131.37,130.6,104.12,103.13,147.27,146.51,104.08,103.05,99.96,99.49,119.03,118.15,133.36,132.14,122.88,122.07,120.08,119.15
1997-10-01 00:00:00,134.78,133.68,131.25,130.86,105.28,104.46,147.57,147.08,105.19,104.45,99.96,99.79,119.24,118.59,133.29,132.49,123.33,122.71,120.45,119.77
1997-11-01 00:00:00,134.69,134.04,131.95,131.37,103.89,103.46,147.29,147.36,105.06,104.69,100.84,100.83,119.87,119.38,133.25,132.58,123.97,123.32,120.6,120.16
1997-12-01 00:00:00,134.55,134.36,132.12,131.86,104.38,104.18,147.59,147.97,105.34,105.45,100.76,100.98,119.91,119.64,132.84,132.8,123.89,123.7,120.65,120.54
1998-01-01 00:00:00,134.5,134.9,132.75,132.57,104.03,104.1,147.44,148.25,103.95,104.24,101.35,101.74,119.99,119.72,134.32,134.83,124.35,124.49,120.82,121
1998-02-01 00:00:00,135.64,135.63,132.76,132.55,104.26,104.97,148.55,149.33,106.37,107.42,102.38,102.89,120.78,120.53,134.56,134.93,125.03,124.96,121.65,121.87
1998-03-01 00:00:00,136.49,136.01,133.97,133.56,105.75,105.73,149.47,149.43,106.57,107.19,103.5,103.35,121.39,120.87,135.41,134.95,125.61,125.34,122.55,122.27
1998-04-01 00:00:00,137.25,136.37,134.62,133.89,106.28,106.09,150.96,150.39,108.04,108.01,104.96,104.6,121.95,121.31,135.81,135.13,126.21,125.53,123.39,122.82
1998-05-01 00:00:00,138.35,136.76,135.47,134.58,107.01,106.16,151.42,150.66,109.22,108.65,106.1,105.2,122.45,121.71,137.33,135.99,127.29,126.22,124.32,123.3
1998-06-01 00:00:00,139.28,137.46,136.48,135.21,108.72,106.98,152.06,151.13,111.22,109.47,107.19,106.19,123.53,122.28,138.86,137.28,128.23,126.99,125.51,124.09
1998-07-01 00:00:00,139.62,137.75,136.2,135.23,108.76,106.95,152.62,151.69,111.51,109.96,107.53,106.57,123.62,122.63,139.24,137.45,129.15,127.74,125.81,124.41
1998-08-01 00:00:00,140,138.36,136.36,135.41,109.42,107.65,153.35,152.47,112.18,110.74,108.06,107.21,123.85,122.79,139.78,138.12,129.51,128.19,126.25,124.94
1998-09-01 00:00:00,140.49,139.12,137.43,136.58,109.49,108.34,153.56,152.82,113.04,111.83,108.37,107.87,124.64,123.71,140.34,139.05,129.67,128.8,126.73,125.73
1998-10-01 00:00:00,141.04,139.89,137.31,136.87,109.34,108.47,154.12,153.67,112.75,111.84,108.94,108.77,124.7,123.97,140.83,139.94,130.05,129.39,126.99,126.26
1998-11-01 00:00:00,141.39,140.77,138.33,137.73,109.48,108.96,154.13,154.17,114.27,113.85,109.49,109.5,125.15,124.72,142.38,141.67,130.37,129.77,127.54,127.09
1998-12-01 00:00:00,141.27,141.13,138.35,138.08,110.08,109.87,154.46,154.92,114.05,114.15,109.38,109.62,125.5,125.22,142.35,142.43,131.22,131.02,127.75,127.66
1999-01-01 00:00:00,141.27,141.67,138.84,138.51,110.49,110.45,154.55,155.39,114.24,114.67,110.7,111.15,126.21,125.93,142.56,143.06,131.11,131.33,128.2,128.37
1999-02-01 00:00:00,142.41,142.43,139.41,139.21,109.99,110.75,155.55,156.26,114.81,115.94,111.03,111.52,126.76,126.48,142.83,143.27,131.74,131.67,128.69,128.91
1999-03-01 00:00:00,143.39,142.85,140.33,139.95,110.68,110.74,157.88,157.76,115.89,116.57,112.7,112.49,127.53,127.02,144.36,143.89,132.33,132,129.78,129.49
1999-04-01 00:00:00,144.21,143.3,140.67,139.96,111.72,111.59,158.05,157.47,117.68,117.63,113.63,113.21,128.26,127.56,145.57,144.84,133.8,132.96,130.72,130.11
1999-05-01 00:00:00,145.95,144.26,141.46,140.55,113.16,112.35,159.35,158.53,119.28,118.67,114.84,113.85,129.28,128.41,146.93,145.43,134.58,133.43,131.98,130.88
1999-06-01 00:00:00,146.63,144.7,141.95,140.62,115.35,113.45,160.23,159.16,121.46,119.54,115.86,114.75,129.93,128.59,148.08,146.28,135.29,133.99,133.03,131.49
1999-07-01 00:00:00,147.42,145.41,142.24,141.23,116.19,114.27,160.88,159.94,122.64,120.76,116.29,115.31,130.49,129.37,148.64,146.66,136.33,134.83,133.73,132.22
1999-08-01 00:00:00,148.1,146.34,142.54,141.6,116.63,114.78,161.76,160.79,123.5,121.85,117.08,116.21,131.09,130.01,149.96,148.14,136.86,135.46,134.41,133.01
1999-09-01 00:00:00,148.09,146.6,143.09,142.15,116.39,115.05,162.92,162.2,124.28,122.85,117.5,116.94,131.14,130.14,149.22,147.82,136.59,135.66,134.5,133.4
1999-10-01 00:00:00,148.49,147.28,142.66,142.09,117.1,116.15,162.5,162.06,124.54,123.44,118.21,118,132.12,131.3,149.32,148.34,137.22,136.47,135,134.19
1999-11-01 00:00:00,148.2,147.57,143.6,143,117.25,116.6,163.07,163.02,124.48,123.99,118.73,118.78,132.09,131.69,149.94,149.18,137.56,136.99,135.23,134.76
1999-12-01 00:00:00,148.43,148.34,143.79,143.55,117.16,116.93,163.09,163.56,125.97,126.08,119.26,119.51,132.4,132.09,149.82,149.94,137.79,137.6,135.51,135.42
2000-01-01 00:00:00,149.57,149.96,144.45,144.02,118.98,118.85,163.97,164.83,126.85,127.49,121.81,122.33,133.48,133.21,150.42,150.89,138.65,138.95,136.82,137
2000-02-01 00:00:00,149.15,149.21,144.49,144.31,117.61,118.38,164.37,165.06,126.19,127.49,120.83,121.31,133.92,133.6,151.43,151.98,138.89,138.87,136.6,136.84
2000-03-01 00:00:00,151.18,150.63,144.7,144.37,119.24,119.41,166.05,165.91,128.66,129.43,123.14,122.93,134.65,134.18,153.04,152.57,140.3,139.91,138.16,137.88
2000-04-01 00:00:00,152.2,151.26,146.06,145.41,120.48,120.44,167.11,166.55,130.73,130.65,124.25,123.81,136.05,135.28,154.63,153.85,141.74,140.72,139.47,138.82
2000-05-01 00:00:00,153.4,151.62,146.22,145.31,121.54,120.74,168.03,167.15,132.95,132.28,125.96,124.88,136.88,135.89,155.86,154.23,142.38,141.15,140.57,139.39
2000-06-01 00:00:00,154.75,152.68,147.13,145.73,123.89,121.83,169.66,168.46,136.2,134.12,127.11,125.91,138.16,136.73,156.98,154.97,143.13,141.79,142.01,140.35
2000-07-01 00:00:00,155.57,153.4,147.47,146.39,124.54,122.52,169.97,168.98,137.03,134.78,127.98,126.93,138.81,137.48,157.82,155.66,143.98,142.4,142.74,141.09
2000-08-01 00:00:00,155.69,153.77,147.02,146.02,125.01,123.05,170.57,169.49,137.64,135.78,129.04,128.06,139,137.84,158.4,156.43,144.44,142.95,143.15,141.64
2000-09-01 00:00:00,155.82,154.19,147.21,146.19,126.12,124.55,170.5,169.76,139.03,137.33,130.03,129.33,139.81,138.69,158.72,157.17,144.55,143.54,143.74,142.49
2000-10-01 00:00:00,155.99,154.68,147.27,146.5,126.09,125.05,171.5,171.07,140.42,139.13,131.15,130.84,140.16,139.21,159.24,158.17,144.89,144.03,144.21,143.28
2000-11-01 00:00:00,155.8,155.18,147.64,147.05,127.1,126.3,172.17,172.08,140.21,139.65,132.34,132.4,140.41,139.99,159.03,158.22,145.61,145.07,144.66,144.16
2000-12-01 00:00:00,156.19,156.15,146.72,146.49,127.53,127.29,172.25,172.72,141.41,141.59,133.31,133.58,141.62,141.3,159,159.12,145.05,144.83,145.09,145.01
2001-01-01 00:00:00,156.3,156.72,147.98,147.48,127.9,127.71,173.6,174.49,142.17,143.01,134.14,134.77,142.37,142.14,160.04,160.51,145.21,145.61,145.72,145.93
2001-02-01 00:00:00,157.36,157.5,148.28,148.14,128.34,129.07,174.81,175.58,143.43,144.95,135.79,136.33,142.79,142.47,160.5,161.2,146.91,147,146.67,146.95
2001-03-01 00:00:00,158.47,157.94,148.61,148.35,129.6,129.86,175.99,175.93,145.39,146.18,137.69,137.54,144.46,144.04,162.23,161.77,147.27,146.81,147.98,147.72
2001-04-01 00:00:00,159.71,158.71,149.23,148.64,130.55,130.58,176.97,176.44,147.43,147.28,138.91,138.51,145.65,144.85,164.29,163.51,148.99,147.83,149.27,148.59
2001-05-01 00:00:00,161.06,159.19,150.49,149.62,132.29,131.46,178.71,177.86,150.22,149.42,140.45,139.31,146.32,145.21,165.58,163.84,148.99,147.68,150.49,149.23
2001-06-01 00:00:00,161.86,159.65,150.86,149.36,135.02,132.82,179.6,178.28,152.68,150.36,141.39,140.06,147.61,146.1,166.79,164.58,149.88,148.44,151.75,149.96
2001-07-01 00:00:00,162.52,160.2,150.85,149.64,135.89,133.72,179.62,178.48,154.53,151.84,142.13,140.89,148.94,147.42,167.97,165.6,150.67,149.08,152.61,150.8
2001-08-01 00:00:00,162.82,160.72,151.26,150.1,137.4,135.28,180.3,179.1,156.13,154.03,143.06,141.9,149.44,148.15,167.92,165.82,150.32,148.75,153.18,151.52
2001-09-01 00:00:00,163.16,161.41,151.61,150.52,138,136.2,179.86,179.03,156.76,154.68,144.14,143.25,149.84,148.56,168.56,166.9,150.99,149.91,153.71,152.31
2001-10-01 00:00:00,163.85,162.45,152.63,151.66,138.19,137.03,180.45,180,157.21,155.69,144.44,144.02,150.93,149.86,169.17,168.01,151.12,150.18,154.29,153.25
2001-11-01 00:00:00,163.29,162.65,152.07,151.51,139.38,138.4,181.36,181.23,157.27,156.71,144.66,144.71,150.67,150.18,168.67,167.84,150.77,150.26,154.27,153.72
2001-12-01 00:00:00,163.22,163.2,152.05,151.81,139.14,138.87,181.15,181.65,158.56,158.87,146.11,146.4,151.75,151.41,169.37,169.51,151.16,150.9,154.79,154.71
2002-01-01 00:00:00,163.52,164.04,152.91,152.44,140.48,140.27,181.7,182.65,159.38,160.42,147.01,147.85,152.3,152.15,169.27,169.84,150.22,150.71,155.26,155.55
2002-02-01 00:00:00,164,164.27,151.93,151.81,140.82,141.47,182.79,183.69,160.68,162.42,148.43,149.03,153.99,153.71,169.37,170.16,151.66,151.84,156.15,156.49
2002-03-01 00:00:00,165.6,165.13,153.57,153.4,142.54,142.88,184.11,184.15,161.89,162.67,150.83,150.81,154.63,154.23,171.75,171.31,152.99,152.49,157.7,157.48
2002-04-01 00:00:00,166.41,165.34,153.58,152.98,144.16,144.23,185.33,184.8,165.89,165.58,152.65,152.29,156.13,155.31,172.8,172,153.89,152.66,159.03,158.32
2002-05-01 00:00:00,168,166,154.42,153.54,146.75,145.86,186.15,185.29,168.09,167.03,155.74,154.51,157.51,156.27,174.51,172.64,154.61,153.2,160.75,159.38
2002-06-01 00:00:00,169.24,166.87,155.38,153.77,149.09,146.76,187.27,185.81,172.02,169.47,157.98,156.51,158.8,157.16,176.13,173.77,155.14,153.57,162.32,160.39
2002-07-01 00:00:00,169.72,167.24,155.42,154.06,150.82,148.45,188.06,186.73,175.45,172.38,160.12,158.57,159.84,158.14,176.84,174.23,155.4,153.81,163.4,161.41
2002-08-01 00:00:00,170.12,167.82,156.75,155.38,152.41,150.06,189.74,188.39,175.56,173.23,161.75,160.33,160.41,158.89,177.38,175.14,155.79,154.14,164.29,162.43
2002-09-01 00:00:00,170.52,168.64,156.13,154.99,153.24,151.23,189.29,188.29,177.18,174.68,162.78,161.59,162.15,160.7,177.78,175.96,156.06,154.93,165.01,163.43
2002-10-01 00:00:00,170.54,169.03,157.42,156.32,154.11,152.77,190.6,190.06,178.37,176.63,164.52,163.98,162.63,161.45,177.93,176.69,156.45,155.44,165.74,164.57
2002-11-01 00:00:00,170.98,170.32,157.23,156.71,154.74,153.6,190.79,190.65,179.21,178.68,165.07,165.07,163.22,162.62,178.33,177.48,156.25,155.78,166.12,165.52
2002-12-01 00:00:00,170.44,170.46,157.24,157.02,156.25,155.98,191.71,192.27,179.18,179.64,166.42,166.76,164.26,163.94,179,179.17,156.96,156.67,166.79,166.73
2003-01-01 00:00:00,170.91,171.6,157.77,157.41,157.2,156.95,191.73,192.83,180.1,181.44,167.83,169.05,164.67,164.65,179.16,179.85,156.64,157.22,167.31,167.75
2003-02-01 00:00:00,171.5,171.93,158.76,158.77,158.25,158.87,192.47,193.54,180.4,182.35,170.09,170.76,166.26,166.07,179.67,180.49,157.1,157.35,168.38,168.79
2003-03-01 00:00:00,172.6,172.23,158.87,158.79,158.9,159.27,194.24,194.4,182.4,183.05,171.93,172.09,167.17,166.72,181.74,181.3,157.91,157.34,169.54,169.34
2003-04-01 00:00:00,174.05,172.89,159.93,159.31,160.8,160.86,195.97,195.41,186.04,185.5,174.63,174.32,168.64,167.78,182.18,181.38,158.81,157.59,171.16,170.4
2003-05-01 00:00:00,175.83,173.63,160.54,159.62,163.24,162.25,197.1,196.15,187.23,185.83,177.16,175.74,170.43,169.03,184.08,182.08,159.61,158.07,172.85,171.32
2003-06-01 00:00:00,176.57,173.99,162.06,160.3,165.46,162.94,198.55,196.89,190.56,187.75,178.64,176.9,172.06,170.22,185.51,182.98,160.04,158.28,174.26,172.12
2003-07-01 00:00:00,177.52,174.84,162.38,160.84,167.09,164.52,200.2,198.65,191.55,188.23,181.28,179.33,173.54,171.7,186.8,183.91,160.57,158.96,175.59,173.39
2003-08-01 00:00:00,178.12,175.6,163.12,161.6,169.26,166.63,200.97,199.38,193.11,190.65,184.03,182.3,174.13,172.36,187.51,185.1,161.3,159.57,176.75,174.67
2003-09-01 00:00:00,178.18,176.17,163.58,162.4,170.63,168.47,202.57,201.42,196.41,193.66,186.27,184.73,175.44,173.82,188.01,186.04,161.59,160.39,177.82,176.08
2003-10-01 00:00:00,178.65,177.05,163.74,162.69,170.68,169.15,203.15,202.52,196.92,195.13,188.69,188.08,176.23,174.93,187.89,186.54,161.07,160.02,178.37,177.11
2003-11-01 00:00:00,178.53,177.88,163.07,162.53,171.91,170.67,203.65,203.52,198.04,197.55,190.97,190.94,177.44,176.68,188.95,188.08,161.19,160.74,179.15,178.51
2003-12-01 00:00:00,178.62,178.73,163.87,163.66,173.33,173.07,205.2,205.86,199.09,199.76,193.39,193.89,178.12,177.83,188.03,188.27,161.83,161.56,179.99,179.98
2004-01-01 00:00:00,177.51,178.38,164.38,164.25,174.01,173.76,206.81,208.18,199.16,200.76,195.3,197.02,179.7,179.87,188.87,189.77,160.94,161.52,180.51,181.13
2004-02-01 00:00:00,179.38,180.01,165.46,165.54,175.98,176.57,207.57,208.88,199.9,202.03,198.15,198.89,180.86,180.78,189.65,190.42,162.09,162.41,182.03,182.52
2004-03-01 00:00:00,180.57,180.33,165.36,165.31,176.3,176.66,210.49,210.73,202.91,203.27,202.56,202.95,183.4,182.86,191.54,191.11,164.13,163.53,184.04,183.86
2004-04-01 00:00:00,182.14,180.87,166.91,166.12,179.23,179.25,214.65,213.97,206.39,205.48,206.12,205.75,185.73,184.72,192.12,191.27,165.1,163.94,186.25,185.38
2004-05-01 00:00:00,183.98,181.5,167.92,166.82,182.47,181.3,216.43,215.26,208.96,206.99,212.34,210.61,188.51,186.86,195.17,193,166.01,164.3,188.91,187.12
2004-06-01 00:00:00,185.22,182.35,170.18,168.26,185.9,183.13,220.89,218.84,213.3,210.19,217.65,215.46,190.82,188.68,196.35,193.59,167.14,165.18,191.5,189.06
2004-07-01 00:00:00,185.91,182.99,170.9,169.16,187.34,184.54,223.01,221.1,215.61,212.08,221.86,219.24,193.06,191.06,197.46,194.26,166.82,165.12,193.05,190.58
2004-08-01 00:00:00,186.44,183.63,171.34,169.67,188.51,185.51,224.54,222.58,216.22,213.49,224.55,222.38,195.26,193.13,197.96,195.33,167.77,165.91,194.35,191.96
2004-09-01 00:00:00,185.96,183.82,171.13,169.85,189.35,187.09,227.86,226.48,218.58,215.66,227.65,225.56,197.09,195.26,198.1,195.9,168.01,166.73,195.41,193.45
2004-10-01 00:00:00,186.37,184.71,171.56,170.62,191.74,189.98,228.27,227.56,218.83,217.03,229.08,228.4,198.55,197.09,198.27,196.79,168.02,166.9,196.28,194.91
2004-11-01 00:00:00,186.14,185.55,171.41,170.81,193.02,191.75,230.38,230.37,217.71,217.26,232.97,232.94,199.89,199.02,199.24,198.43,168.74,168.28,197.34,196.68
2004-12-01 00:00:00,185.78,186.04,173.26,173.07,194,193.81,231.65,232.57,218.93,219.72,236.37,237.19,201.7,201.49,198.07,198.42,168.73,168.54,198.31,198.42
2005-01-01 00:00:00,185.71,186.84,173.03,173.2,195.19,194.9,233.35,235.22,219.7,221.53,236.78,239.12,203.63,204.11,197.84,199,168.85,169.47,198.95,199.83
2005-02-01 00:00:00,185.45,186.25,174.43,174.62,194.93,195.5,238.91,240.49,221.82,224.13,242.23,242.98,205.77,205.84,199.43,200.17,169.75,170.16,200.71,201.29
2005-03-01 00:00:00,187.82,187.68,175.82,175.83,197.34,197.61,242.26,242.55,224.88,224.76,247.15,247.91,209.62,208.89,201.21,200.83,171.39,170.79,203.52,203.32
2005-04-01 00:00:00,189.81,188.48,177.31,176.33,199.51,199.42,247.97,247.19,227.3,225.98,252.07,251.6,212.33,210.97,203.62,202.62,172.74,171.67,206.16,205.12
2005-05-01 00:00:00,191.45,188.66,178.4,177.01,201.44,199.95,252.35,250.78,230.84,228.38,258.16,256.07,215.97,213.95,205.28,202.94,174.52,172.66,208.94,206.81
2005-06-01 00:00:00,192.21,188.99,179.99,177.86,205.53,202.48,256.58,253.9,231.18,227.73,262.24,259.42,219.97,217.31,206.61,203.54,175.93,173.69,211.44,208.58
2005-07-01 00:00:00,192.7,189.49,181.39,179.39,209.35,206.31,259.6,257.22,233.4,229.84,266.9,263.47,222.24,219.92,207.7,204.21,176.86,174.97,213.51,210.68
2005-08-01 00:00:00,192.84,189.7,182.13,180.35,210.41,207.01,263.96,261.49,233.46,230.58,270.17,267.53,225.23,222.65,207.86,204.97,177.14,175.06,214.94,212.19
2005-09-01 00:00:00,193.47,191.23,182.46,181.02,211.52,209.2,266.81,265.21,234.9,232.1,274.4,271.75,226.68,224.58,207.97,205.58,177.96,176.62,216.3,214.15
2005-10-01 00:00:00,193.16,191.51,183.55,182.73,211.65,209.68,269.23,268.52,233.77,232.09,273.87,273.07,227.89,226.18,208.15,206.41,179.49,178.31,216.84,215.34
2005-11-01 00:00:00,192.2,191.71,185.17,184.44,212.65,211.39,270.74,270.95,233.24,232.91,274.18,274.24,230.06,229.16,207.97,207.27,179.61,179.11,217.39,216.75
2005-12-01 00:00:00,191.05,191.54,186.21,186.1,212.27,212.1,272.1,273.47,229.81,230.64,276.72,277.96,231.13,231.04,207.86,208.35,180.6,180.56,217.75,218.02
2006-01-01 00:00:00,190.65,192.03,187.34,187.85,213.97,213.69,273.49,275.98,230.1,232,275.6,278.52,232.59,233.4,207.92,209.43,180.99,181.68,218.24,219.39
2006-02-01 00:00:00,191.18,192.15,187.57,187.85,212.55,213.15,276.87,278.58,230.38,232.71,279.86,280.56,232.88,233.03,208.63,209.4,182.08,182.58,219.16,219.82
2006-03-01 00:00:00,192.11,192.07,189.23,189.29,214.85,214.96,279.85,280.3,232.81,232.26,279.71,280.78,235.72,234.8,210.05,209.85,183.94,183.37,220.9,220.69
2006-04-01 00:00:00,194.38,193.09,191.06,189.91,215.85,215.64,281.4,280.44,232.88,231.22,281.28,280.75,237.17,235.39,211.31,210.06,184.43,183.39,222.31,221.11
2006-05-01 00:00:00,195.68,192.55,192.87,191.11,217.27,215.41,285.13,282.99,234.12,231.43,283.36,281.21,238.11,235.72,212.99,210.43,187.23,185.21,224.08,221.63
2006-06-01 00:00:00,195.63,192.07,194.08,191.57,219.09,215.9,286.44,283.04,234.37,230.87,283.5,280.36,239.21,236.04,213.97,210.54,188.12,185.54,224.88,221.63
2006-07-01 00:00:00,195.65,192.22,194.4,192.15,217.61,214.47,286.28,283.31,233.23,229.96,282.43,278.57,238.79,236.11,215.02,211.3,188.42,186.21,224.63,221.5
2006-08-01 00:00:00,195.12,191.76,194.86,192.96,219.5,215.86,287.43,284.55,231.9,229.13,281.36,278.59,240.1,237.31,214.71,211.59,189.87,187.47,225.07,222.08
2006-09-01 00:00:00,194.22,191.9,194.89,193.24,217.63,215.42,285.96,284.34,230.25,227.88,279.97,277.21,239.94,237.65,213.77,211.27,189.8,188.37,224.27,222.03
2006-10-01 00:00:00,193.02,191.43,194.78,193.9,217.94,215.87,288.65,287.94,229,227.5,276.08,275.14,240.44,238.63,213.31,211.26,190.44,189.12,223.86,222.28
2006-11-01 00:00:00,191.2,190.75,195.68,194.83,217.1,215.92,288.81,289.14,228.28,228.03,276.01,276.16,240.75,239.93,212.95,212.32,191.09,190.52,223.56,222.95
2006-12-01 00:00:00,190.84,191.53,196.42,196.5,215.36,215.19,287.88,289.69,226.07,226.67,274.02,275.48,239.97,240.05,210.36,210.95,190.79,190.98,222.58,223.02
2007-01-01 00:00:00,190.82,192.42,195.46,196.26,216.28,216.05,286.97,289.7,225.89,227.69,274.02,277.1,238.43,239.52,210.92,212.8,192.02,192.86,222.48,223.83
2007-02-01 00:00:00,190.49,191.66,197.23,197.72,215.63,216.23,287.61,289.07,224.43,226.62,273.3,273.87,240.9,241.25,213.16,214.09,192.6,193.24,223.09,223.84
2007-03-01 00:00:00,191.55,191.72,198.45,198.7,217.37,217.33,290.7,291.51,228.68,227.92,277.29,278.53,241.61,240.65,214.09,214.21,194.14,193.69,224.84,224.74
2007-04-01 00:00:00,192.12,190.97,200.82,199.7,220.07,219.84,292.43,291.48,229.39,227.63,276.98,276.54,243.04,240.95,215.01,213.54,195.36,194.23,226.03,224.78
2007-05-01 00:00:00,193.38,189.97,201.12,199.02,220.06,217.9,292.03,289.41,230.46,227.81,274.65,272.67,242.57,239.96,216.16,213.37,196.9,194.78,226.29,223.65
2007-06-01 00:00:00,193.44,189.64,202.1,199.25,220.96,217.73,293.66,289.96,229.02,225.48,272.51,269.32,241.93,238.46,216.6,212.77,197.43,194.53,226.26,222.77
2007-07-01 00:00:00,191.9,188.34,201.33,198.88,220.3,217.06,292.09,288.8,227.85,224.78,270.49,266.61,238.91,235.99,216.89,213.06,198.03,195.44,225,221.7
2007-08-01 00:00:00,191.32,187.8,200.42,198.37,219.93,216.25,290,286.89,227.87,225.18,263.42,260.68,238.93,236.15,215.12,211.74,198.7,196.03,223.79,220.69
2007-09-01 00:00:00,188.72,186.37,201.01,199.21,217.95,215.97,286.16,284.65,225.17,223.16,260.59,257.97,237.19,234.9,215.65,213.16,197.62,196.13,222.01,219.81
2007-10-01 00:00:00,186.72,185.14,199.38,198.4,218.05,215.84,281.65,280.89,224.04,222.52,253.99,252.87,234.71,233,211.17,208.9,197.56,196.23,219.57,217.95
2007-11-01 00:00:00,184.87,184.3,199.64,198.64,216.01,214.89,278.85,279.2,221.62,221.22,247.5,247.63,231.22,230.41,210.81,210.22,196.27,195.7,217.11,216.48
2007-12-01 00:00:00,182.33,183.15,198.46,198.79,215.3,215.15,274.08,276.02,220.65,220.99,241.54,242.96,228.77,228.95,209.39,209.99,196.23,196.71,214.82,215.38
2008-01-01 00:00:00,180.08,181.79,195.06,196.05,214.33,214.29,270.52,272.97,218.1,219.66,236.26,239.02,226.06,227.35,206.54,208.75,194.71,195.7,212.11,213.56
2008-02-01 00:00:00,180.07,181.41,196.84,197.57,213.1,213.73,272.5,273.78,218.75,220.92,231.94,232.5,223.55,224.15,206.64,207.82,195.23,196.01,211.33,212.21
2008-03-01 00:00:00,180,180.52,196.77,197.35,213.14,213.17,269.68,270.96,218,217.41,224.43,225.43,223.36,222.66,207.55,208.08,195.43,195.15,210.24,210.38
2008-04-01 00:00:00,179.63,178.72,197.77,196.89,211.3,211.07,266.21,265.47,217.54,215.81,220.95,220.59,221.41,219.44,208.38,206.88,196.18,194.86,209.18,208.02
2008-05-01 00:00:00,180.63,177.23,198.8,196.56,213.49,211.26,265.59,262.93,215.83,213.31,216.88,215.33,217.19,214.64,207.79,205.02,197.02,194.85,208.32,205.74
2008-06-01 00:00:00,180.43,176.64,198.22,195.25,212.33,209.16,262.71,259.23,216.45,212.93,214.61,211.98,216.4,212.99,208.97,204.89,198.71,195.58,207.83,204.41
2008-07-01 00:00:00,179.06,175.47,197.02,194.38,211.87,208.55,258.42,255.09,214.34,211.46,210.52,207.27,213.31,210.41,207.54,203.71,198.11,195.22,205.77,202.49
2008-08-01 00:00:00,177.93,174.46,195.48,193.28,210.8,207.25,254.7,251.85,212.43,209.86,205.59,203.33,209.5,206.94,207.08,203.65,196.39,193.66,203.38,200.43
2008-09-01 00:00:00,173.96,171.63,194.23,192.39,209.85,207.98,250.75,249.31,210.12,208.37,201.52,199.38,205.66,203.51,204.3,201.9,196.99,195.5,200.65,198.57
2008-10-01 00:00:00,172.92,171.41,192.71,191.61,206.97,204.68,243.63,242.84,210.74,209.02,197.86,196.73,203.8,202.33,204,201.63,194.82,193.51,198.51,196.93
2008-11-01 00:00:00,169.21,168.4,191.61,190.64,205.43,204.37,237.24,237.45,206.48,205.75,192.35,192.3,197.48,196.69,198.12,197.42,191.55,190.98,194.14,193.45
2008-12-01 00:00:00,167.64,168.5,189.29,189.88,202.46,202.3,236.8,238.57,205.29,205.21,189.93,191.14,193.92,194.08,199.11,199.65,191.55,192.21,192.35,192.91
2009-01-01 00:00:00,169.8,171.73,189.37,190.45,201.99,202.11,237.32,239.44,206.35,207.58,186.58,188.87,197.16,198.39,199.44,201.92,191.16,192.33,192.95,194.43
2009-02-01 00:00:00,169.11,170.7,189.33,190.25,202.59,203.3,236.7,237.87,209.86,211.96,187.89,188.58,197.67,198.54,201.78,203.25,192.88,193.81,193.66,194.7
2009-03-01 00:00:00,168.38,169.29,188.91,189.71,202.75,202.97,229.29,230.78,207.43,207.18,185.41,186.29,195.26,194.81,198.77,199.69,193.72,193.54,192.01,192.37
2009-04-01 00:00:00,168.62,167.93,189.6,188.84,201.8,201.58,230.63,230.12,208.89,207.44,184.67,184.45,195.05,193.21,201.37,199.96,193.94,192.38,192.23,191.19
2009-05-01 00:00:00,172.36,168.95,191.09,188.57,203.09,200.89,230.74,228.16,206.47,203.95,185.09,183.73,196.1,193.55,202.69,199.86,195.33,193.13,193.63,191.07
2009-06-01 00:00:00,171.55,167.68,194.06,190.89,202.41,199.12,229.61,226.26,207.89,204.13,187.34,184.89,196.53,193.11,204.13,199.77,198.24,194.88,194.48,190.99
2009-07-01 00:00:00,170.23,166.5,191.59,188.52,203.32,199.85,229.28,225.86,207.37,204.4,187.86,184.79,196.46,193.44,203.15,199.04,195.99,192.83,193.82,190.41
2009-08-01 00:00:00,169.78,166.23,191.53,188.97,203.71,200.29,227,224.22,205.61,202.91,188.55,186.39,193.9,191.22,202.63,199.07,195.86,193.17,193.09,190.11
2009-09-01 00:00:00,169.1,166.65,188.09,186.13,201.02,199.11,224.35,222.72,205.17,203.4,187.52,185.49,194.89,192.64,201.23,198.84,194.33,192.82,192.03,189.89
2009-10-01 00:00:00,167.41,165.83,191.04,189.7,202.38,199.99,224.41,223.46,205.45,203.59,188.32,187.09,192.16,190.69,201.78,199.38,196.34,195.12,191.93,190.3
2009-11-01 00:00:00,168.3,167.23,190.1,189.13,201.09,199.98,223.46,223.51,204.33,203.26,189.36,189.23,192.79,191.82,200.8,199.93,194.28,193.69,191.75,190.91
2009-12-01 00:00:00,163.95,164.91,186.59,187.29,200.92,200.74,219.07,220.64,203.66,203.4,185.56,186.79,188.01,188.15,197.81,198.26,193.29,194.2,188.53,189.11
2010-01-01 00:00:00,162.55,164.74,186.08,187.21,199.86,200.17,219.74,221.52,200.76,201.94,183.3,185.7,188.75,190.03,194.16,196.87,192.63,194.09,187.51,189.11
2010-02-01 00:00:00,162.12,164.02,184.41,185.59,200.64,201.61,217.96,219.14,199.08,201.24,185.61,186.75,185.78,186.87,196.05,197.85,192.35,193.47,187.06,188.35
2010-03-01 00:00:00,163,164.22,183.96,184.89,199.22,199.77,216.92,218.6,201.46,201.65,185.59,186.43,187.81,187.51,196.12,197.3,192.95,192.76,187.57,188.1
2010-04-01 00:00:00,164.82,164.23,186.16,185.49,198.77,198.49,219.78,219.29,200.78,199.75,186.98,186.79,189.84,188.09,200.05,198.81,195.61,193.89,189.4,188.39
2010-05-01 00:00:00,167.83,164.4,188.53,185.85,200.86,198.7,219.28,216.58,204.07,201.35,189.07,187.55,188.74,186.03,202.29,199.42,198.24,195.96,191.03,188.36
2010-06-01 00:00:00,166.56,162.5,186.37,183.09,202.35,198.75,216.79,213.2,204.6,200.57,185.72,183.17,189.31,185.72,202.31,197.6,196.41,192.91,190.07,186.38
2010-07-01 00:00:00,165.63,161.58,186.7,183.41,201.57,197.75,215.56,211.8,203.43,200.09,186.06,182.88,186.55,183.37,198.59,194.13,195.94,192.63,188.88,185.22
2010-08-01 00:00:00,165.88,162.17,185.69,183,199.72,196.25,213.98,211.2,203.77,200.77,183.52,181.35,185.78,182.97,199.03,195.39,196.01,193.52,188.11,185.05
2010-09-01 00:00:00,162.92,160.27,184.06,181.97,198.18,196.09,210.15,208.36,201.28,199.38,182.38,180.39,182.51,180.26,196.46,194,192.23,190.76,185.47,183.25
2010-10-01 00:00:00,164.14,162.52,183.04,181.61,200.08,197.68,210.5,209.52,201.73,199.78,179.64,178.41,181.83,180.44,195.51,193.24,191.16,190.17,185.14,183.53
2010-11-01 00:00:00,162.78,161.55,183.01,182.25,197.75,196.56,204.91,204.97,200.27,198.93,178.61,178.45,181.61,180.61,193.27,192.22,190.9,190.37,183.83,182.94
2010-12-01 00:00:00,158.36,159.39,177.99,178.71,195.09,194.96,203.5,205.12,198.16,197.8,175.95,177.2,179.3,179.41,191.96,192.3,188.58,189.58,180.99,181.58
2011-01-01 00:00:00,156.3,158.73,178.81,179.96,193.38,193.85,203.37,205.08,198.56,199.81,172.18,174.63,175.65,176.92,187.26,190.05,187.98,189.5,178.81,180.48
2011-02-01 00:00:00,155.2,157.4,177.52,178.84,192.33,193.65,197.7,198.99,193.15,195.48,172.11,173.54,174.09,175.4,186.57,188.55,187.77,188.96,177.41,178.91
2011-03-01 00:00:00,152.89,154.26,175.81,176.59,191.1,191.93,196.65,198.37,192.15,192.66,171.22,171.9,173.53,173.29,186.77,187.95,188,187.62,176.42,176.97
2011-04-01 00:00:00,155.35,154.74,178.56,177.69,193.84,193.55,196.87,196.39,196.44,195.95,171.32,171.04,175.03,173.4,188.78,187.71,191.4,189.6,178.4,177.41
2011-05-01 00:00:00,158.69,155.4,180.36,177.43,193.24,191.09,199.04,196.44,197.22,194.23,171.33,169.64,176.25,173.47,190.7,187.87,191.58,189.24,179.7,177
2011-06-01 00:00:00,160.39,156.25,180.81,177.35,195.42,191.47,199.86,196.2,199.23,194.93,171.55,168.97,177.35,173.7,193.49,188.64,194.68,191.04,181.22,177.41
2011-07-01 00:00:00,162.01,157.72,182.9,179.35,195.78,191.78,200.68,197,197.05,193.28,172.93,169.84,176.53,173.2,194.88,190.03,192.63,189.2,181.58,177.76
2011-08-01 00:00:00,159.51,155.73,182.5,179.66,194.66,191.16,199.55,196.84,196.48,193.18,171.02,168.86,177.22,174.31,192.79,189.08,191.16,188.86,180.41,177.31
2011-09-01 00:00:00,159.15,156.42,179.82,177.6,193.34,191.13,201.27,199.44,196.56,194.61,171.47,169.61,178.77,176.53,193.02,190.48,191.47,189.9,180.58,178.31
2011-10-01 00:00:00,156.81,155.24,178.58,177.18,191.74,189.49,198.33,197.38,195.69,193.97,170.09,168.98,176.52,175.18,192.61,190.54,190.83,190.07,178.9,177.4
2011-11-01 00:00:00,158.81,157.6,178.62,178.02,189.38,188.2,198.75,198.86,195.43,194.08,169.56,169.43,175.74,174.75,192.82,191.66,192.35,191.81,179.04,178.15
2011-12-01 00:00:00,155.58,156.72,181.03,181.78,188.82,188.79,199.88,201.47,194.75,194.69,167.93,169.14,176.39,176.48,187.77,188.04,191.64,192.65,178.02,178.63
2012-01-01 00:00:00,153.33,155.98,175.68,176.84,189.26,189.94,197.93,199.55,191.45,192.86,167.27,169.69,173.88,175.33,189.61,192.51,188.45,189.98,176.18,177.95
2012-02-01 00:00:00,153.46,155.89,177.4,178.88,186.8,188.44,200.25,201.67,191.14,193.7,168.22,169.88,174.64,176.08,188.94,191.19,191.05,192.32,176.77,178.46
2012-03-01 00:00:00,155.56,156.97,180.83,181.31,189.24,190.34,204.05,205.75,192.23,192.98,171.41,171.9,176.86,176.64,191.05,192.15,194.61,193.97,179.42,179.93
2012-04-01 00:00:00,158.59,157.77,182.23,181.06,190.01,189.7,208.47,207.81,191.8,191.66,173.72,173.17,180.83,179.26,192.52,191.52,196.75,194.92,181.94,180.85
2012-05-01 00:00:00,162.24,158.89,185.27,182.1,192.65,190.4,213.39,210.53,196.18,192.81,177.11,175.07,182.32,179.29,196.63,193.68,197.47,194.93,184.8,181.88
2012-06-01 00:00:00,163.6,159.09,186.21,182.49,194.58,190.27,218.68,214.42,197.79,193.13,179.81,176.98,183.37,179.45,199.13,194,199.62,195.81,186.77,182.64
2012-07-01 00:00:00,163.76,159.11,185.62,181.98,194,189.78,220.17,216.05,197.5,193.17,179.43,176.11,183.98,180.35,201,195.69,201,197.39,187.15,183.03
2012-08-01 00:00:00,164,159.98,184.38,181.55,193.8,190.09,220.04,217.02,197.9,194.2,183.25,180.93,184.84,181.88,199.04,195.18,199.87,197.66,187.55,184.3
2012-09-01 00:00:00,163.19,160.3,183.9,181.57,194.15,191.78,221.11,219.07,196.53,194.48,182.31,180.49,185.15,182.98,197.82,195.17,200.64,198.99,187.34,184.99
2012-10-01 00:00:00,162.4,160.9,184.4,183.08,191.44,189.35,221.03,220.14,195.49,193.94,185.16,184.18,184.79,183.47,198.87,197,200.47,199.91,187.29,185.87
2012-11-01 00:00:00,161.35,160.24,183.96,183.5,192.57,191.48,222.8,223.11,197.12,195.91,186.12,186.11,184.75,183.9,198.93,197.82,201,200.57,187.55,186.77
2012-12-01 00:00:00,159.46,160.72,183.97,184.66,191.98,192.05,222.67,224.55,196.58,196.78,187.28,188.74,184.38,184.55,197.86,198.23,199.9,200.87,186.98,187.69
2013-01-01 00:00:00,159.4,162.37,182.61,183.81,190.32,191.13,224.53,226.5,194.99,196.59,189.18,191.91,184.8,186.47,196.45,199.41,200.92,202.48,187.11,189.07
2013-02-01 00:00:00,160.19,162.87,184.07,185.64,191.11,193.13,226.53,228.09,195.03,197.67,191.16,193.2,186.81,188.3,197.03,199.48,202.3,203.62,188.46,190.33
2013-03-01 00:00:00,163.06,164.31,186.74,186.72,192.19,193.4,231.1,232.57,198.83,199.55,196.54,196.88,190.52,190.07,200.29,201.19,205.54,204.54,191.87,192.18
2013-04-01 00:00:00,166.38,165.27,189.05,187.37,194.54,194.23,236.16,235.18,198.45,198.32,200.98,200.03,191.92,190.15,201.64,200.49,207.21,205.37,194.41,193.1
2013-05-01 00:00:00,169.38,165.92,191,187.5,197.3,194.78,240.04,236.73,203.6,199.74,205.67,203.09,196,192.57,204.8,201.6,210.05,207.22,197.91,194.64
2013-06-01 00:00:00,171.84,166.88,193.4,189.46,199.65,194.89,243.24,238.27,205.33,200.09,209.12,205.76,197.87,193.43,209.24,203.82,211.8,207.73,200.46,195.85
2013-07-01 00:00:00,172.98,167.94,191.21,187.45,200.61,196.06,245.05,240.62,206.49,201.47,212.84,208.91,199.18,195.01,209.67,203.95,210.94,207.13,201.48,196.92
2013-08-01 00:00:00,172.5,168.22,190.56,187.66,199.48,195.48,245.1,241.77,206.11,201.96,212.91,210.29,198.8,195.69,208.98,204.92,210.21,207.92,201.01,197.5
2013-09-01 00:00:00,171.82,168.82,193.85,191.4,198.1,195.57,245.51,243.36,203.37,201.13,214.15,212.33,198.08,195.86,208.49,205.77,210.73,209.04,200.92,198.46
2013-10-01 00:00:00,170.31,168.86,191.02,189.82,198.13,196.14,248.02,247.21,202.79,201.5,214.26,213.43,198.27,196.82,206.35,204.61,210.42,210.03,200.41,199.04
2013-11-01 00:00:00,169.77,168.9,188.97,188.56,197.63,196.65,244.6,245.14,202.22,201.22,213.72,213.93,197.73,196.98,206.51,205.57,210.73,210.46,199.73,199.09
2013-12-01 00:00:00,168.98,170.43,189.28,189.84,195.39,195.51,244.23,246.25,200.58,201.14,213.47,215.15,198.3,198.5,205.19,205.68,212.87,213.76,199.5,200.29
2014-01-01 00:00:00,167.64,170.87,188.44,189.55,195.57,196.5,246.86,249.07,201.15,202.93,213.61,216.54,197.09,198.85,204.88,207.7,212.26,213.86,199.07,201.13
2014-02-01 00:00:00,168.24,171,189.99,191.57,193.93,196.15,249.82,251.28,198.93,201.58,216.56,218.75,198.67,199.96,205.31,207.85,213.6,214.87,200.1,201.98
2014-03-01 00:00:00,170.64,171.55,191.13,190.63,195.24,196.45,249.23,250.16,204.41,204.99,219.5,219.55,201.41,200.63,208.25,208.81,216.8,215.5,202.53,202.52
2014-04-01 00:00:00,173.86,172.47,193.65,191.75,197.56,197.24,253.17,251.74,203.27,202.87,222.15,220.71,202.91,200.84,211.73,210.26,217.09,215.29,204.73,203.15
2014-05-01 00:00:00,175.79,172.21,195.44,191.88,200.52,197.77,255.63,251.99,209.47,205.39,224.39,221.36,205.45,201.69,213,209.48,219.26,216.14,207.14,203.58
2014-06-01 00:00:00,178,172.72,197.16,193.06,203.15,198.22,258.95,253.74,211.08,205.47,226.7,223.06,207.91,203.13,215.95,210.37,221.19,216.95,209.49,204.6
2014-07-01 00:00:00,179.05,173.85,197.17,193.44,202.6,197.87,257.97,253.57,211.67,206.18,228.51,224.4,208.32,203.79,216.58,210.7,223.19,219.26,210.21,205.43
2014-08-01 00:00:00,179.03,174.69,196.94,194.11,202.96,198.73,259.72,256.33,210.82,206.48,229.06,226.31,206.33,203.27,215.52,211.33,222.61,220.18,209.82,206.22
2014-09-01 00:00:00,177.86,174.84,196.05,193.66,200.3,197.71,259.09,257.11,208.79,206.42,227.76,226.13,206.39,204.17,214.43,211.74,222.8,221.03,208.9,206.44
2014-10-01 00:00:00,177.36,175.99,195.68,194.61,200.44,198.54,259.34,258.73,207.35,206.22,228.55,227.91,206.81,205.31,214.52,212.89,221.98,221.66,208.83,207.53
2014-11-01 00:00:00,176.2,175.62,196.81,196.57,200.18,199.38,259.58,260.13,207.39,206.67,228.85,229.22,207.93,207.26,214.78,214,223.27,223.21,209.11,208.62
2014-12-01 00:00:00,175.79,177.31,194.95,195.42,200.35,200.56,261.37,263.48,205.56,206.42,229.41,231.22,208.26,208.46,213.6,214.34,223.89,224.72,209.06,209.88
2015-01-01 00:00:00,173.37,176.66,197.21,198.26,198.68,199.57,262.79,265.07,204.73,206.53,230,232.96,206.24,207.89,211.67,214.29,224.06,225.71,208.16,210.18
2015-02-01 00:00:00,175.65,178.35,195.92,197.31,198.16,200.41,266.01,267.07,207.33,209.91,231.86,233.81,210.53,211.64,212.11,214.59,225.93,227.08,210.12,211.85
2015-03-01 00:00:00,177.88,178.39,200.28,199.38,200.57,201.61,266.71,266.89,209.56,209.98,235.49,235.17,212.97,211.91,215.42,215.6,228.34,226.81,212.77,212.4
2015-04-01 00:00:00,180.61,178.9,202.89,200.85,201.38,201.04,270.33,268.4,210.91,210.1,238.91,237,214.37,211.91,219.25,217.4,230.06,228.22,215.08,213.19
2015-05-01 00:00:00,183.83,180.1,203.18,199.57,205.13,202.18,274.47,270.45,215.03,210.81,241.58,238.2,217.81,213.75,222.03,218.14,233.94,230.44,218.28,214.44
2015-06-01 00:00:00,186.62,181.12,204.34,200.21,207.14,202.12,276.72,271.38,219.01,213.16,243.17,239.36,219.83,214.89,223.9,218.27,235.24,230.88,220.35,215.28
2015-07-01 00:00:00,185.85,180.65,204.22,200.47,208.39,203.49,280.31,275.94,218.23,212.54,245.44,241.35,220.64,215.87,224.89,218.97,236.1,232.13,221.13,216.25
2015-08-01 00:00:00,184.44,180.13,204.98,202.08,208.19,203.88,279.1,275.61,217.09,212.64,245.02,242.28,219.29,216.15,224.91,220.62,235.79,233.09,220.41,216.7
2015-09-01 00:00:00,184.87,181.9,204.37,202.13,206.56,203.91,279.55,277.74,215.04,212.6,245.02,243.56,219.95,217.72,223.5,220.94,235.72,233.86,220.22,217.78
2015-10-01 00:00:00,184.28,182.89,204.63,203.67,206.4,204.55,278.57,278.03,214.51,213.46,246.15,245.72,220.82,219.31,223.38,221.78,235.43,235.17,220.29,219.01
2015-11-01 00:00:00,184.23,183.88,204.73,204.4,204.91,204.2,283,283.42,213.86,213.31,248.07,248.55,220.67,219.97,222.87,222.17,234.87,234.99,220.47,220.04
2015-12-01 00:00:00,182.85,184.43,205.46,205.91,204.58,204.84,280.08,282.06,214.43,215.51,248,249.87,220.72,220.88,223.94,224.9,235.18,236,220.18,221.02
2016-01-01 00:00:00,181.86,185.2,206.63,207.51,203.07,203.95,281.19,283.54,215.51,217.28,246.9,249.82,221.95,223.53,223.5,225.95,235.15,236.91,220.09,222.07
2016-02-01 00:00:00,181.88,184.32,204.73,205.79,204.03,206.18,284.89,285.64,211.92,214.23,251.24,252.89,221.22,222.08,225.37,227.82,236.33,237.27,220.8,222.29
2016-03-01 00:00:00,185.99,186.16,208.17,206.93,205.53,206.36,289.13,288.62,215.23,215.5,255.15,254.44,225.61,224.28,226.6,226.35,241.83,240.16,224.54,223.85
2016-04-01 00:00:00,188.61,186.65,210.6,208.56,207.36,206.91,291.9,289.57,219.58,218.24,258.48,256.13,228.61,225.77,229.82,227.59,242.65,240.68,227.16,224.97
2016-05-01 00:00:00,191.55,187.7,213.17,209.55,211.49,208.43,296.27,291.94,222.04,217.78,260.44,256.72,230.83,226.46,232.2,227.96,246.04,242.17,230.04,225.96
2016-06-01 00:00:00,194.41,188.8,213.72,209.51,214.7,209.73,298.46,293.24,224.63,218.73,261.86,257.96,233.58,228.59,234.59,228.89,247.54,243.02,232.34,227.19
2016-07-01 00:00:00,194.74,189.54,215.15,211.18,214.86,209.86,298.4,294.02,225.1,219.37,263.81,259.8,234.55,229.71,236.86,230.87,248.86,244.93,233.31,228.37
2016-08-01 00:00:00,195.26,190.97,215.56,212.53,214.64,210.33,299.69,296.2,225.14,220.58,263.68,260.99,234.19,230.86,235.36,231,248.32,245.41,233.23,229.44
2016-09-01 00:00:00,194.55,191.55,215.34,213.17,213.82,211.1,300.04,298.27,225.47,222.9,265.24,263.83,234.57,232.24,235.47,232.94,247.78,245.79,233.23,230.73
2016-10-01 00:00:00,194.13,192.68,214.64,213.67,214.3,212.49,302.35,301.81,224.07,222.89,265.1,264.82,235.41,233.83,234.88,233.24,247.24,246.86,233.26,231.94
2016-11-01 00:00:00,193.49,193.25,214.94,214.52,214.08,213.39,302.3,302.53,225.59,225,266.54,267.08,234.93,234.14,235.78,235.19,247.83,247.94,233.42,232.98
2016-12-01 00:00:00,193,194.65,217.02,217.32,212.95,213.29,302.98,304.82,223.8,224.8,266.88,268.87,235.6,235.7,233.86,235.1,249.11,249.94,233.49,234.34
2017-01-01 00:00:00,191.35,194.71,213.08,213.73,212.31,213.09,303.33,305.86,224.72,226.29,267.29,270.13,234.68,235.99,233.14,235.56,249.6,251.52,232.73,234.63
2017-02-01 00:00:00,193.77,195.94,216.95,217.61,212.72,214.72,307.79,308.3,223.82,225.94,270.09,271.32,236.48,237.05,234.29,236.54,251.07,251.83,234.73,235.94
2017-03-01 00:00:00,197.6,197.42,220.49,219.04,213.7,214.2,312.03,310.84,228.31,228.37,275.03,273.89,240.09,238.5,238.92,238.27,253.67,251.89,238.31,237.29
2017-04-01 00:00:00,199.89,197.69,221.66,219.68,217.4,216.75,315.18,312.41,231.35,229.5,278.56,275.74,244.4,241.11,241.73,239.21,257.59,255.47,241.56,239.06
2017-05-01 00:00:00,202.8,198.79,224.24,220.65,220.02,216.84,319.65,315.1,233.81,229.55,282.44,278.38,245.92,241.28,246.05,241.42,261,256.82,244.52,240.21
2017-06-01 00:00:00,204.4,198.72,226.6,222.38,222.84,218.02,321.8,316.64,237,231.18,283.95,280,247.65,242.79,247.38,241.65,261.39,256.7,246.29,241.12
2017-07-01 00:00:00,205.47,200.26,227.89,223.65,224.34,219.31,323.29,318.69,237.98,232.29,284.88,281.05,248.64,243.87,248.27,242.26,262.04,258.13,247.35,242.4
2017-08-01 00:00:00,205.69,201.42,226.92,223.71,225.13,220.9,324.18,320.69,237.63,232.9,286.92,284.25,249.65,246.04,248.15,243.78,262.15,258.99,247.9,243.99
2017-09-01 00:00:00,204.93,201.82,226.19,224.07,224.91,222.06,325,323.06,237.03,234.33,288.33,286.91,248.99,246.46,246.47,243.9,263.23,261.12,247.73,245.1
2017-10-01 00:00:00,204.62,203,227.38,226.34,224.09,222.32,326.32,325.67,236.28,234.97,286.68,286.42,249.48,247.83,246.87,245.02,261.94,261.37,247.48,246.05
2017-11-01 00:00:00,204.22,204.1,226.7,226.18,223.11,222.3,330.2,330.31,236.42,235.69,289.18,289.78,250.12,249.2,248.14,247.6,264.24,264.23,248.28,247.77
2017-12-01 00:00:00,204.12,205.91,227.07,227.25,222.95,223.29,329.22,331.02,235.9,236.81,288.78,290.98,250.73,250.81,245.49,246.96,263.25,264.17,247.93,248.83
2018-01-01 00:00:00,204.28,207.7,228.26,228.8,224.53,225.27,332.09,334.9,236.3,237.82,290.51,293.35,251.59,252.75,247.95,250.47,262.43,264.45,248.89,250.77
2018-02-01 00:00:00,206.93,208.84,229.27,229.59,223.81,225.56,336.18,336.61,238.21,240.35,295.67,296.55,254.32,254.6,248.59,250.68,267.64,268.26,251.57,252.53
2018-03-01 00:00:00,209.32,208.87,232.78,231.24,228.47,228.66,341.56,339.88,239.39,239.14,297.97,296.45,257.1,255.2,253.54,252.48,269.14,267.33,254.6,253.28
2018-04-01 00:00:00,212.23,209.79,232.63,230.69,228.56,227.54,343.83,340.38,242.02,239.74,300.7,297.4,260.74,257.17,255.22,252.44,270.47,268.18,256.77,253.96
2018-05-01 00:00:00,214.49,210.28,238.22,234.65,231.69,228.22,348.14,343.2,246.49,242.2,302.56,298.05,263.3,258.41,258.78,253.72,273.11,268.75,259.78,255.2
2018-06-01 00:00:00,217.44,211.62,239.57,235.27,234.04,229.32,352.47,347.15,248.82,243.11,304.07,300.01,262.78,258.04,261.03,255.08,274.63,269.66,261.54,256.29
2018-07-01 00:00:00,217.4,212.1,239.03,234.58,235.34,230.24,352.29,347.11,249.04,243.28,304.51,300.87,265.28,260.52,263.11,256.96,274.46,270.56,262.33,257.29
2018-08-01 00:00:00,217.57,213.31,239.93,236.69,234.26,230.18,353.24,349.64,249.68,244.78,306.05,303.36,265.77,261.77,260.9,256.44,275.63,272.35,262.64,258.62
2018-09-01 00:00:00,217.42,214.14,238.54,236.33,234.07,231.18,353.9,351.68,248.01,245.12,304.66,303.26,264.88,262.13,259.68,256.89,273.99,271.69,261.81,259.02
2018-10-01 00:00:00,217.14,215.42,239.64,238.38,232.7,230.89,354.22,353.47,248.72,247.31,303.92,303.68,263.73,261.97,260.64,258.62,274.12,273.42,261.51,259.96
2018-11-01 00:00:00,215.41,215.4,241.36,240.74,234.34,233.36,355.94,356.17,247.52,246.83,303.97,304.76,265.42,264.47,260.21,259.84,275.81,275.69,262.04,261.55
2018-12-01 00:00:00,214.38,216.35,240.05,240.12,233.65,234.15,354.43,356.49,247.11,248.03,303.04,305.62,265.9,266.08,259.04,260.74,274.31,275.39,261.26,262.31
2019-01-01 00:00:00,214.27,217.7,240.54,240.97,234.5,235.21,357.7,361.02,246.82,248.34,303.83,306.66,266.2,267.3,259.79,262.53,275.8,277.99,261.94,263.85
2019-02-01 00:00:00,217.72,219.41,243.12,243.14,233.92,235.49,359.21,359.75,249.11,251.41,306.52,307.07,267.71,267.69,261.52,263.42,276.74,277.33,263.82,264.57
2019-03-01 00:00:00,219.97,219.3,245.14,243.59,235.42,235.25,362.8,360.79,251.04,250.39,310.47,308.64,270.98,268.78,266.47,265.07,280.92,279.19,266.9,265.33
2019-04-01 00:00:00,223.2,220.48,248.08,246.13,238.18,236.74,370.13,365.82,254.12,251.31,313.81,310.02,273.82,269.98,267.76,264.64,281.37,278.8,269.76,266.58
2019-05-01 00:00:00,226.08,221.56,249.62,246,241.52,237.62,372.26,366.74,256.94,252.4,316.24,311.26,277.28,272.22,270.55,264.96,284.79,280.27,272.68,267.78
2019-06-01 00:00:00,228.22,222.24,252.74,248.25,242.95,238.27,373.97,368.26,259.04,253.28,316.71,312.45,277.37,272.56,272.9,266.69,286.61,281.31,274.19,268.76
2019-07-01 00:00:00,228.63,223.16,253.33,248.55,243.92,238.72,377.26,371.56,260.18,254.25,318.12,314.7,278.13,273.28,273.51,267.22,285.78,281.81,274.93,269.76
2019-08-01 00:00:00,228.55,224.31,251.86,248.49,244.17,240.31,376.11,372.51,261.13,256.04,318.09,315.39,278.44,274.14,273.51,268.95,286.62,283.22,274.97,270.86
2019-09-01 00:00:00,228.46,225,254,251.74,243.56,240.67,378.56,376.16,259.04,255.95,318.04,316.68,280.14,277.19,273.82,270.8,286.38,283.87,275.41,272.47
2019-10-01 00:00:00,227.88,226.12,253.65,252.19,244.51,242.64,378.98,378.22,259.06,257.45,318.66,318.38,280.41,278.51,273.6,271.46,286.47,285.64,275.53,273.86
2019-11-01 00:00:00,228.61,228.74,252.34,251.6,245.12,243.99,380.03,380.71,260.48,259.89,319.83,320.97,280.91,279.93,272.84,272.66,286.79,286.66,275.99,275.55
2019-12-01 00:00:00,226.99,229.18,255.59,255.71,245.99,246.71,382.83,385.58,260.28,261.38,319.83,322.92,281.31,281.63,274.19,276.18,288.36,289.58,276.54,277.81
2020-01-01 00:00:00,227.08,230.62,256.71,257.26,246.22,247.09,384.92,389.04,261.97,263.79,322.08,325.14,283.73,284.91,272.69,275.78,288.91,291.27,277.56,279.65
2020-02-01 00:00:00,230.83,232.47,259.36,259.18,247.97,249.48,390.86,391.63,262.9,265.52,326.32,326.8,287.79,287.5,276.86,278.69,290.82,291.47,280.95,281.62
2020-03-01 00:00:00,234.13,233.33,261.58,259.99,249.59,249.26,395.58,393.38,266.61,265.56,330.49,328.33,288.96,286.44,279.77,278.2,294.01,292.4,283.75,281.98
2020-04-01 00:00:00,236.46,233.43,264.27,262.13,251.83,249.89,398.22,392.82,268.78,265.23,332.97,328.59,290.96,286.87,283.32,279.72,295.47,292.5,286.06,282.43
2020-05-01 00:00:00,237.75,232.73,265.07,261.23,253.59,249.13,397.96,391.49,268.19,263.25,330.95,325.33,292.24,286.9,284.38,278.05,296.6,291.77,286.78,281.37
2020-06-01 00:00:00,241.17,234.83,267.83,263.01,254.67,249.84,403.21,396.66,272.22,265.97,335.31,330.44,294.9,289.66,288.24,281.56,301.59,295.77,290.23,284.34
2020-07-01 00:00:00,244.68,238.89,272.1,266.83,258.95,253.37,409.56,402.94,278.07,271.69,339.54,336.05,298.61,293.32,291.71,285,302.22,297.98,293.95,288.39
2020-08-01 00:00:00,246.97,242.6,274.42,270.91,263.36,259.54,414.58,410.87,282.71,277.3,343.97,341.04,302.92,298.28,295.08,290.22,306.37,302.81,297.74,293.42
2020-09-01 00:00:00,250.05,246.28,277.87,275.41,267.43,264.51,421.79,419.22,286.59,283.15,349.46,348.23,305.89,302.65,298.16,294.84,308.56,305.68,301.41,298.23
2020-10-01 00:00:00,251.72,250,280.83,279.02,270.24,268.16,426.23,425.43,291.26,289.53,353.87,353.7,310.06,307.97,300.33,298.07,311.61,310.63,304.65,302.86
2020-11-01 00:00:00,252.7,252.96,281.78,280.84,272.72,271.52,431.98,433.42,293.99,293.92,358.01,359.73,312.82,311.8,300.13,300.3,312.2,312.28,306.74,306.47
2020-12-01 00:00:00,253.74,256.38,284.89,285.1,274.17,275.43,436.67,440.58,295.79,297.5,359.99,364.05,315.14,315.82,301.5,303.91,315.32,316.77,308.88,310.62
2021-01-01 00:00:00,255.08,259.04,287.5,288.23,277.27,278.57,441.53,447.08,298.63,301.06,364.26,367.89,318.26,319.71,304.05,307.73,318.29,321.06,311.79,314.32
2021-02-01 00:00:00,258.77,260.62,290.56,290.12,278.08,279.68,451.99,453.11,299.25,302.47,373.18,373.82,323.01,322.49,308.19,310.09,323.42,324.22,316.41,317.13
2021-03-01 00:00:00,264.14,263.14,296.07,294.29,283.89,283.37,464.36,461.61,309.89,308.33,382.15,379.44,331.86,328.91,313.97,312.24,329.61,328,323.77,321.69
2021-04-01 00:00:00,270.17,266.53,301.99,299.2,291.6,288.89,478.66,471.25,317.46,312.35,391.67,385.95,337.77,332.91,320.44,315.93,336.59,332.8,331.11,326.52
2021-05-01 00:00:00,275.94,269.69,309.84,305.24,297.14,291.39,490.01,481.13,326.42,320.04,401.78,394.52,345.19,338.83,328.94,321.1,342.33,336.39,338.56,331.82
2021-06-01 00:00:00,282.15,274.63,315.88,309.97,300.48,294.68,503.62,494.69,330.96,322.97,407.31,400.82,352.71,345.9,333.43,325.57,350.81,343.69,345.14,337.81
2021-07-01 00:00:00,283.9,277.13,321.59,315.21,304.4,297.65,512.84,504.18,335.76,327.93,412.01,407.79,359.06,352.45,336.37,328.63,355.17,350.08,349.68,342.94
2021-08-01 00:00:00,283.94,279.09,324.18,320.07,303.97,299.95,518.77,514.51,334.89,328.68,415.83,412.18,364.86,359.42,337.05,331.54,357.46,353.33,352.04,347.08
2021-09-01 00:00:00,285.65,281.38,326.87,324,305.25,302.06,521.39,518.45,337.52,333.34,417.52,416.29,366.68,362.76,338.79,334.91,363.43,359.91,354.45,350.73
2021-10-01 00:00:00,286.48,284.73,331.21,328.77,308.5,306.07,526.92,525.99,337.36,335.44,422.65,422.68,371.14,368.64,340.32,338.02,365.07,363.89,357.41,355.38
2021-11-01 00:00:00,287.86,288.34,336.24,335.17,310.29,309.18,532.25,534.82,338.93,339.47,425.1,427.62,376.6,375.41,339.78,340.33,368.93,369.48,360.42,360.38
2021-12-01 00:00:00,288.68,291.85,337.78,338.2,310.29,312.22,537.66,543.41,343.79,346.4,429.61,435.04,380.79,382.03,343.28,346.35,372.01,373.85,363.23,365.64
2022-01-01 00:00:00,291.67,296.24,341.2,342.43,315.26,317.18,543.85,551.69,346.7,350.06,437.28,441.92,386.77,388.76,344.55,348.94,376.19,379.65,367.82,371.08
2022-02-01 00:00:00,297.39,299.67,348.66,348.08,319.21,320.99,560.26,561.99,351.22,355.34,445.42,446.4,397.52,396.86,353.14,355.29,382.89,384,375.65,376.59
2022-03-01 00:00:00,303.61,302.38,355.5,353.41,326,325.42,576.63,573.11,360.5,358.46,454.79,451.46,406.11,402.61,358.31,356.45,388.92,387.28,383.46,381
2022-04-01 00:00:00,309.76,305.39,359.08,355.35,331.31,327.64,588.99,578.96,371.43,364.4,462.01,454.73,415.64,409.62,368.28,362.61,400.13,395.22,391.68,385.85
2022-05-01 00:00:00,315.74,308.08,366.25,360.67,337.94,330.81,595.41,583.46,377.5,369.53,462.73,453.8,422.41,414.53,374.23,364.79,406.81,399.25,397.55,389.16
2022-06-01 00:00:00,316.87,308.21,371.46,364.22,340.52,333.61,591.5,580,377.46,367.57,459.27,451.12,426.29,417.36,373.85,364.8,409.43,400.81,398.89,389.93
2022-07-01 00:00:00,315.55,307.88,371.06,363.52,339.98,332.09,583.44,572.97,374.52,365.39,451.08,446.29,423.6,415.52,373.57,364.91,406.75,400.71,396.11,388.22
2022-08-01 00:00:00,312.77,307.48,368.83,364.27,334.75,330.49,569.95,565.3,372.89,366.09,446.67,442.39,420.88,414.83,370.6,364.52,404,399.4,392.33,386.83
2022-09-01 00:00:00,313.95,309.34,370.05,366.86,335.47,332.03,568.17,565.13,367.35,362.45,444.86,443.76,420.9,416.55,369.62,365.39,403.32,399.14,392.01,387.93
2022-10-01 00:00:00,311.31,309.64,368.99,366.09,333.55,330.86,568.34,567.26,368.9,366.95,441.98,442.25,420.69,418.01,368.86,366.8,402.21,401.06,390.67,388.58
2022-11-01 00:00:00,310.17,310.88,365.95,364.96,335.49,334.63,559.72,562.89,367.04,368.23,434.11,437.1,419.87,418.59,368.27,369.1,402.12,403.1,388.72,388.94
2022-12-01 00:00:00,308.68,312.21,369.11,369.97,333.16,335.77,554.34,560.82,363.11,366.42,431.25,437.18,418.11,419.8,364.36,367.97,400.18,402.28,386.65,389.55
2023-01-01 00:00:00,309.3,314.24,369.05,370.75,332.92,335.33,551.77,560.37,368.32,372.15,431.36,436.03,420.38,422.7,364.43,369.19,395.42,399.32,386.69,390.33
2023-02-01 00:00:00,313.03,315.56,376.18,375.68,336.6,338.47,567.47,569.36,371.47,375.85,435.41,436.51,424.73,423.87,371.04,373.25,403.83,405.15,392.32,393.34
2023-03-01 00:00:00,320.33,318.96,377.09,375.03,341.95,341.29,565.58,561.78,381.03,378.73,441.08,437.72,430.89,427.19,377.12,375.14,408.22,406.75,397.72,395.14
2023-04-01 00:00:00,326.42,321.65,379.57,375.45,350.18,345.9,576.16,565.66,391.71,383.51,446.68,439.12,435.25,428.61,383.61,377.21,412,406.55,403.67,397.26
2023-05-01 00:00:00,333.78,325.26,383.6,377.77,354.52,346.58,578.46,565.87,392.07,383.16,455.5,446.3,440.45,431.83,389.77,379.47,416.79,408.54,409.25,400.15
2023-06-01 00:00:00,334.92,325.58,385.57,377.74,358.35,350.79,583.83,571.53,403.26,392.05,457.38,448.65,445.09,434.87,392.75,382.99,416.6,407.6,412.2,402.46
2023-07-01 00:00:00,337.02,328.67,389.32,381.5,363.18,354.43,587.35,576.45,403.74,393.71,454.79,449.86,449.14,440.11,394.69,385.45,416.59,410.33,414.27,405.79
2023-08-01 00:00:00,338.69,333.01,388.34,383.68,364.63,360.22,585.61,580.91,405.46,398.27,457.99,453.32,448.1,441.73,394.77,388.21,416.93,412.2,414.92,409.13
2023-09-01 00:00:00,339.72,334.82,388.04,384.89,364.17,360.4,587.93,585,408.75,403.21,455.71,454.72,451.12,446.46,392.83,388.32,420.93,416.48,415.98,411.67
2023-10-01 00:00:00,339.23,337.54,391.16,387.76,366.38,363.51,586.06,584.85,407.68,405.73,456.24,456.71,450.95,448.11,393.2,391.32,417.14,416.05,415.79,413.63
2023-11-01 00:00:00,339.07,340.02,392.82,391.8,366.67,366.06,586.43,589.92,402.1,403.91,456.07,459.52,451.13,449.67,391.83,392.72,415.83,417.12,415.41,415.8
2023-12-01 00:00:00,336.68,340.57,391.76,392.77,364.04,367.2,583.86,590.94,400.55,404.58,453.48,459.9,450.7,452.64,386.69,390.69,413.96,416.22,413.29,416.52
2024-01-01 00:00:00,335.34,340.72,387.8,389.73,363.04,365.89,584.05,593.5,401.35,405.81,454.16,459.11,447.19,449.65,391.05,396.17,414.22,418.48,412.49,416.46
2024-02-01 00:00:00,342.38,345.21,394.66,394.06,371.98,374.11,592.8,594.82,414.55,419.56,466.6,467.87,456.41,455.41,397.81,400.1,418.74,420.18,420.9,422
2024-03-01 00:00:00,348.28,346.73,396.3,394.1,378.48,377.72,600.19,595.89,417.59,415.12,467.28,463.58,460.1,456.12,401.73,399.51,422.23,420.77,425.02,422.2
2024-04-01 00:00:00,353.27,347.98,404.45,399.89,382.31,377.42,607.45,595.87,427.1,417.8,473.96,465.66,465.75,458.45,410.15,402.96,426.38,420.44,430.99,423.9
2024-05-01 00:00:00,359.35,349.85,403.68,397.45,387.5,378.56,611.43,597.38,428.85,418.83,474.24,464.35,468.3,458.85,412.19,401.03,428.73,419.83,434,424.02
2024-06-01 00:00:00,361.17,350.96,410.07,401.5,386.59,378.23,606.56,593.19,430.7,418.34,473.13,463.66,471.56,460.26,411.17,400.75,429.11,419.6,434.96,424.36
2024-07-01 00:00:00,363.85,354.77,408.97,400.78,389.33,379.79,607.81,596.35,433.06,422.27,471.75,466.53,467.85,458.22,412.17,402.37,425.3,418.77,434.6,425.58
2024-08-01 00:00:00,361.79,355.73,409.25,404.48,386.15,381.58,603.97,599.36,430.92,423.31,472.52,467.45,466.03,459.53,413.34,406.39,425.84,420.98,433.48,427.43
2024-09-01 00:00:00,361.74,356.55,411.07,407.84,390.52,386.59,611.32,608.64,435.58,429.7,470.82,469.81,467.05,462.22,414.16,409.48,426.06,421.5,434.79,430.33
2024-10-01 00:00:00,361.78,360.06,412.29,408.62,391.7,388.73,605.8,604.66,433.14,431.14,467.82,468.41,468.83,465.95,411.02,409.26,427.38,426.35,434.48,432.3
2024-11-01 00:00:00,359.05,360.12,407.27,406.28,389.89,389.42,605.15,609.15,432.84,434.94,466.71,470.39,469.97,468.46,411.89,412.74,423.31,424.68,432.94,433.42
